"id","discipline","item_name","current_section","current_severity","current_applies","current_problem_class","current_norm_reference","normative_status","applicable_document_types","applicable_stages","applicability_conditions","normative_basis","exact_clause_or_section","confidence","can_be_reported_as_missing","recommended_severity","do_not_report_if","example_valid_missing_case","example_invalid_missing_case","current_norm_issues"
"AR-01","AR","Пояснительная записка к разделу АР","Mandatory required sections / artifacts","ПРОВЕРИТЬ_ПО_СМЕЖНЫМ","full_rd","missing_mandatory_section","ГОСТ Р 21.1101-2013, п. 4.2","conditionally_mandatory","full_rd","ПД","ПЗ к разделу АР обязательна на стадии ПД (раздел 3 ПП РФ 87). На стадии РД (отдельная марка АР-К3) — может отсутствовать как атрибут тома ПД.","ПП РФ №87, раздел 3 (для ПД); ГОСТ Р 21.101-2020 (для РД-комплектов)","ПП РФ 87 разд. III, ст. 13","high","true","ПРОВЕРИТЬ_ПО_СМЕЖНЫМ","document_type=audit_comparison — out-of-scope для documentation-completeness, флагать только формальные атрибуты; document_type=specification_only — спецификация по определению без расчётов/схем/ПЗ; не флагать; если стадия документа — РД-марка (а не ПД-том), пункт может быть атрибутом раздела ПД и в данной марке отсутствовать обоснованно","ПД-том АР целиком: ПЗ отсутствует → finding","РД-марка АР-К3 (отдельная книга): ПЗ может быть в верхнем томе → drop","ГОСТ Р 21.1101-2013 заменён на ГОСТ Р 21.101-2020 — обновить ссылку"
"AR-02","AR","Поэтажные планы с экспликацией помещений","Mandatory required sections / artifacts","ПРОВЕРИТЬ_ПО_СМЕЖНЫМ","full_rd","missing_mandatory_section","ГОСТ 21.501-2018, п. 5.3","mandatory","full_rd","ПД; РД","","ГОСТ 21.501-2018","п. 5.3, форма 7","high","true","ЭКСПЛУАТАЦИОННОЕ","document_type=audit_comparison — out-of-scope для documentation-completeness, флагать только формальные атрибуты; document_type=specification_only — спецификация по определению без расчётов/схем/ПЗ; не флагать","Том АР не содержит ни одного поэтажного плана","Документ — спецификация заполнения проёмов",""
"AR-03","AR","Разрезы здания (продольный и поперечный) с отметками","Mandatory required sections / artifacts","ПРОВЕРИТЬ_ПО_СМЕЖНЫМ","full_rd","missing_mandatory_section","ГОСТ 21.501-2018, п. 5.5","mandatory","full_rd","ПД; РД","","ГОСТ 21.501-2018","п. 5.5","high","true","ЭКСПЛУАТАЦИОННОЕ","document_type=audit_comparison — out-of-scope для documentation-completeness, флагать только формальные атрибуты; document_type=specification_only — спецификация по определению без расчётов/схем/ПЗ; не флагать","Том АР с этажными планами, но без разрезов","Документ — обмерный чертёж одного помещения",""
"AR-04","AR","Фасады с указанием отметок, материалов отделки и узлов","Mandatory required sections / artifacts","ПРОВЕРИТЬ_ПО_СМЕЖНЫМ","full_rd","missing_mandatory_section","ГОСТ 21.501-2018, п. 5.6","mandatory","full_rd","ПД; РД","","ГОСТ 21.501-2018","п. 5.6","high","true","ЭКСПЛУАТАЦИОННОЕ","document_type=audit_comparison — out-of-scope для documentation-completeness, флагать только формальные атрибуты; document_type=specification_only — спецификация по определению без расчётов/схем/ПЗ; не флагать","","",""
"AR-05","AR","Раздел ""Пожарная безопасность"" / огнестойкость","Mandatory required sections / artifacts","ПРОВЕРИТЬ_ПО_СМЕЖНЫМ","full_rd","missing_mandatory_section","ФЗ-123, СП 2.13130.2020","conditionally_mandatory","full_rd","ПД","Раздел ПБ — самостоятельный раздел ПД (раздел 9 ПП РФ 87). Не должен дублироваться целиком внутри АР. В АР достаточно ссылок на класс пожарной опасности и предел огнестойкости конструкций.","ПП РФ 87 раздел 9; ФЗ-123","ФЗ-123 ст. 87 (класс конструктивной пожарной опасности)","high","true","ПРОВЕРИТЬ_ПО_СМЕЖНЫМ","document_type=audit_comparison — out-of-scope для documentation-completeness, флагать только формальные атрибуты; в РД-марке АР раздел ПБ может быть в отдельном томе ПД","ПД-том АР без указания класса пожарной опасности → ПРОВЕРИТЬ_ПО_СМЕЖНЫМ","Флагать как «отсутствует раздел ПБ» в АР, когда ПБ — отдельный том",""
"AR-06","AR","Раздел ""Эвакуация"" — пути, ширина, протяжённость, выходы","Mandatory required sections / artifacts","ПРОВЕРИТЬ_ПО_СМЕЖНЫМ","full_rd","missing_mandatory_section","СП 1.13130.2020","conditionally_mandatory","full_rd","ПД","В АР даются эвакуационные пути и выходы на планах. Целиком раздел эвакуации входит в ПБ.","СП 1.13130.2020","разд. 4-6","high","true","КРИТИЧЕСКОЕ","document_type=audit_comparison — out-of-scope для documentation-completeness, флагать только формальные атрибуты","АР содержит планы, но без указания эвакуационных путей → КРИТИЧЕСКОЕ для МКД","",""
"AR-07","AR","Штамп с указанием стадии (П / Р) и нормоконтроль","Mandatory required sections / artifacts","ПРОВЕРИТЬ_ПО_СМЕЖНЫМ","full_rd","missing_mandatory_section","ГОСТ Р 21.1101-2013, п. 5","mandatory","full_rd; audit_comparison; tz_vs_rd; specification_only","ПД; РД; КМД","Применяется ко всем PDF-документам РД/ПД","ГОСТ Р 21.101-2020","разд. 5, формы 3/4/6","high","true","РЕКОМЕНДАТЕЛЬНОЕ","Если штамп явно присутствует — drop","Стадия в штампе не указана / штамп пустой","","ГОСТ Р 21.1101-2013 заменён на ГОСТ Р 21.101-2020 — обновить ссылку"
"AR-08","AR","Расчёт инсоляции жилых помещений","Mandatory required calculations","ЭКСПЛУАТАЦИОННОЕ","full_rd","missing_mandatory_parameter","СП 50.13330.2012, СанПиН 1.2.3685-21","conditionally_mandatory","full_rd","ПД","Только для жилых МКД. Не обязателен для общественных зданий, складов, апартаментов с временным проживанием. Проверить тип объекта.","СанПиН 1.2.3685-21 (раздел III); ранее СанПиН 2.2.1/2.1.1.1076-01","СанПиН 1.2.3685-21 п. 79 и табл. 5.34","medium","true","ЭКСПЛУАТАЦИОННОЕ","document_type=audit_comparison — out-of-scope для documentation-completeness, флагать только формальные атрибуты; нежилое назначение; не та стадия","ПД-том АР жилого МКД без расчёта инсоляции квартир","Расчёт инсоляции для офисного центра — не требуется","СП 50.13330.2012 → есть актуальная редакция 2024; пункт по инсоляции точнее искать в СанПиН 1.2.3685-21"
"AR-09","AR","ТЭП объекта (этажность, площади, строит. объём)","Mandatory required calculations","ЭКСПЛУАТАЦИОННОЕ","full_rd","missing_calculation_basis","ГОСТ Р 21.1101-2013, п. 4.2.2","mandatory","full_rd","ПД","ТЭП — атрибут раздела ПЗ ПД-тома, а не отдельной марки АР","ПП РФ 87 раздел 1 (ПЗ); ГОСТ Р 21.101-2020","","medium","true","ПРОВЕРИТЬ_ПО_СМЕЖНЫМ","document_type=audit_comparison — out-of-scope для documentation-completeness, флагать только формальные атрибуты; если стадия документа — РД-марка (а не ПД-том), пункт может быть атрибутом раздела ПД и в данной марке отсутствовать обоснованно","","РД-марка АР3 без ТЭП — ТЭП в томе ПЗ, не здесь","ГОСТ Р 21.1101-2013 заменён на ГОСТ Р 21.101-2020 — обновить ссылку"
"AR-10","AR","Спецификация заполнения оконных и дверных проёмов","Mandatory required specifications / schedules","ЭКСПЛУАТАЦИОННОЕ","full_rd|specification_only","missing_mandatory_schedule","ГОСТ 21.501-2018, п. 5.10","mandatory","full_rd; specification_only","РД","Применима к РД-тому или к Excel-выгрузке спецификации","ГОСТ 21.501-2018","п. 5.10, форма 7","high","true","ЭКСПЛУАТАЦИОННОЕ","document_type=audit_comparison — out-of-scope для documentation-completeness, флагать только формальные атрибуты","","",""
"AR-11","AR","Ведомость отделки помещений","Mandatory required specifications / schedules","ЭКСПЛУАТАЦИОННОЕ","full_rd|specification_only","missing_mandatory_schedule","ГОСТ 21.501-2018, п. 5.11","mandatory","full_rd; specification_only","РД","","ГОСТ 21.501-2018","п. 5.11","high","true","ЭКСПЛУАТАЦИОННОЕ","document_type=audit_comparison — out-of-scope для documentation-completeness, флагать только формальные атрибуты","","",""
"AR-12","AR","Экспликация помещений с привязкой к этажным планам","Mandatory required specifications / schedules","ЭКСПЛУАТАЦИОННОЕ","full_rd","missing_mandatory_schedule","ГОСТ 21.501-2018, п. 5.3","mandatory","full_rd","РД","","ГОСТ 21.501-2018","п. 5.3, форма 2","high","true","ЭКСПЛУАТАЦИОННОЕ","","","",""
"AR-13","AR","Характерные узлы (кровля, парапет, цоколь)","Mandatory required diagrams / schemes","ЭКСПЛУАТАЦИОННОЕ","full_rd","missing_diagram","ГОСТ 21.501-2018, п. 5.9","conditionally_mandatory","full_rd","РД","Обязательны для тех узлов, что фактически есть в проекте (если нет эксплуатируемой кровли — нет смысла требовать узлы кровли)","ГОСТ 21.501-2018","п. 5.9","medium","true","ЭКСПЛУАТАЦИОННОЕ","если в MD нет упоминания соответствующего оборудования — пункт неприменим","","",""
"AR-14","AR","Схема эвакуационных путей и выходов на планах","Mandatory required diagrams / schemes","ЭКСПЛУАТАЦИОННОЕ","full_rd","missing_diagram","СП 1.13130.2020","mandatory","full_rd","ПД; РД","","СП 1.13130.2020","разд. 4-6","high","true","КРИТИЧЕСКОЕ","","","",""
"AR-15","AR","Координация проходов / отверстий ОВ/ВК/ЭОМ","Mandatory coordination requirements (cross-discipline)","ПРОВЕРИТЬ_ПО_СМЕЖНЫМ","full_rd","missing_mandatory_section","ГОСТ 21.501-2018, п. 5.8","recommended","full_rd","РД","Coordination — process artifact, часто оформляется заданием смежнику в виде отдельного письма. Отсутствие его в самой марке АР не = нарушение нормы.","ГОСТ 21.501-2018 (рекомендация по координации)","","low","false","РЕКОМЕНДАТЕЛЬНОЕ","Coordination — это часто отдельный документ задания смежнику; флагать missing нельзя; можно флагать только при явном противоречии (отверстие на плане АР, но размер не указан)","","Флагать «отсутствует координация ОВ» как missing finding — координация может быть в письме-задании, которое мы не видим",""
"AR-16","AR","Координация с КЖ/КМ по закладным и опиранию","Mandatory coordination requirements (cross-discipline)","ПРОВЕРИТЬ_ПО_СМЕЖНЫМ","full_rd","missing_mandatory_section","ГОСТ 21.501-2018","recommended","full_rd","РД","То же — координация часто это задание смежнику","","","low","false","РЕКОМЕНДАТЕЛЬНОЕ","","","",""
"AR-17","AR","Указания по приёмке отделочных работ","Mandatory testing / commissioning requirements","РЕКОМЕНДАТЕЛЬНОЕ","full_rd","missing_mandatory_section","СП 71.13330.2017","recommended","full_rd","РД","Указания по приёмке часто выносятся в отдельный документ (ПОС/ППР). Их отсутствие в АР не = нарушение.","","","medium","false","РЕКОМЕНДАТЕЛЬНОЕ","","","",""
"AR-18","AR","Раздел отделки с привязкой к экспликации","Recommended items","РЕКОМЕНДАТЕЛЬНОЕ","full_rd|specification_only","incomplete_specification","ГОСТ 21.501-2018, п. 5.11","recommended","full_rd; specification_only","РД","","","","medium","true","РЕКОМЕНДАТЕЛЬНОЕ","","","",""
"AR-19","AR","Решение по доступности для МГН","Recommended items","РЕКОМЕНДАТЕЛЬНОЕ","full_rd","missing_mandatory_section","СП 59.13330.2020","conditionally_mandatory","full_rd","ПД","ОДИ — самостоятельный раздел 10 ПП РФ 87. В АР достаточно проектных решений; целиком раздел в АР не входит.","СП 59.13330.2020; ПП РФ 87 раздел 10","","medium","true","ПРОВЕРИТЬ_ПО_СМЕЖНЫМ","Если в проекте есть отдельный том ОДИ — флагать «отсутствует МГН в АР» нельзя","","",""
"AR-20","AR","Звукоизоляционные характеристики ограждений","Recommended items","РЕКОМЕНДАТЕЛЬНОЕ","full_rd","missing_calculation_basis","СП 51.13330.2011","recommended","full_rd","ПД","","","","medium","true","РЕКОМЕНДАТЕЛЬНОЕ","если стадия документа — РД-марка (а не ПД-том), пункт может быть атрибутом раздела ПД и в данной марке отсутствовать обоснованно","","",""
"AR-21","AR","Расчёт КЕО (естественная освещённость) — для жилых МКД","Conditional items","ЭКСПЛУАТАЦИОННОЕ","full_rd","missing_mandatory_parameter","СП 52.13330.2016","conditionally_mandatory","full_rd","ПД","Только жилые МКД и определённые типы общественных зданий (детсады, школы)","СП 52.13330.2016","разд. 5","medium","true","ЭКСПЛУАТАЦИОННОЕ","нежилое и не социальное назначение","","",""
"AR-22","AR","Узлы крепления светопрозрачных конструкций — при наличии витражей","Conditional items","РЕКОМЕНДАТЕЛЬНОЕ","full_rd","missing_mandatory_section","СП 426.1325800.2020","conditionally_mandatory","full_rd","РД","Только при наличии витражей/СПФ-фасадов","","","medium","true","РЕКОМЕНДАТЕЛЬНОЕ","нет витражей в MD","","",""
"AR-23","AR","План кровли — при наличии эксплуатируемой кровли","Conditional items","ЭКСПЛУАТАЦИОННОЕ","full_rd","missing_diagram","ГОСТ 21.501-2018","conditionally_mandatory","full_rd","РД","Только при наличии эксплуатируемой кровли","","","medium","true","ЭКСПЛУАТАЦИОННОЕ","нет эксплуатируемой кровли","","",""
"EOM-01","EOM","Общие данные: категория надёжности, система заземления, U","Mandatory required sections / artifacts","ПРОВЕРИТЬ_ПО_СМЕЖНЫМ","full_rd","missing_mandatory_section","ПУЭ-7 п. 1.2.18; СП 256.1325800.2016 п. 5","conditionally_mandatory","full_rd","ПД; РД","В РД-марке ЭМ-К3 общие данные могут быть атрибутом тома ПД (ЭОМ).","СП 256.1325800.2016 (ред. 2024)","разд. 5","high","true","ПРОВЕРИТЬ_ПО_СМЕЖНЫМ","document_type=audit_comparison — out-of-scope для documentation-completeness, флагать только формальные атрибуты; document_type=specification_only — спецификация по определению без расчётов/схем/ПЗ; не флагать; если стадия документа — РД-марка (а не ПД-том), пункт может быть атрибутом раздела ПД и в данной марке отсутствовать обоснованно","","","ПУЭ-7 не зарегистрирован Минюстом — применяется добровольно; требуется параллельная ссылка на СП 256"
"EOM-02","EOM","""Защита от поражения электротоком и заземление"" + СУП","Mandatory required sections / artifacts","ПРОВЕРИТЬ_ПО_СМЕЖНЫМ","full_rd","missing_mandatory_section","ПУЭ-7 гл. 1.7; СП 256.1325800.2016","mandatory","full_rd","ПД; РД","","СП 256.1325800.2016; СП 437.1325800.2018","","high","true","ПРОВЕРИТЬ_ПО_СМЕЖНЫМ","document_type=audit_comparison — out-of-scope для documentation-completeness, флагать только формальные атрибуты; document_type=specification_only — спецификация по определению без расчётов/схем/ПЗ; не флагать","","","ПУЭ-7 — добровольное; основная ссылка должна быть на СП"
"EOM-03","EOM","Освещение: рабочее, аварийное (эвакуац. и резервное)","Mandatory required sections / artifacts","ПРОВЕРИТЬ_ПО_СМЕЖНЫМ","full_rd","missing_mandatory_section","СП 52.13330.2016, СП 256.1325800.2016","mandatory","full_rd","ПД; РД","","СП 256.1325800.2016 (разд. 7); СП 52.13330.2016","","high","true","ЭКСПЛУАТАЦИОННОЕ","","","",""
"EOM-04","EOM","Расчёт электрических нагрузок (электробаланс)","Mandatory required calculations","КРИТИЧЕСКОЕ","full_rd","missing_calculation_basis","СП 256.1325800.2016 п. 6.1","conditionally_mandatory","full_rd","ПД","Электробаланс — атрибут раздела 5.1 ПД. В РД-марке может ссылаться на ПД.","СП 256.1325800.2016","разд. 6 (расчётные нагрузки)","high","true","КРИТИЧЕСКОЕ","document_type=audit_comparison — out-of-scope для documentation-completeness, флагать только формальные атрибуты; document_type=specification_only — спецификация по определению без расчётов/схем/ПЗ; не флагать; если стадия документа — РД-марка (а не ПД-том), пункт может быть атрибутом раздела ПД и в данной марке отсутствовать обоснованно","ПД-том ЭОМ без электробаланса вообще → КРИТИЧЕСКОЕ","РД ЭМ-К3, в текстовой части ссылка «нагрузки см. ЭОМ-ПД» → drop",""
"EOM-05","EOM","Перечень электроприёмников с P_уст, K_с, P_расч","Mandatory required calculations","ЭКСПЛУАТАЦИОННОЕ","full_rd","missing_calculation_basis","СП 256.1325800.2016 п. 6.4","mandatory","full_rd","ПД; РД","","СП 256.1325800.2016","разд. 6 (нужна проверка точного п. 6.4)","medium","true","ЭКСПЛУАТАЦИОННОЕ","document_type=audit_comparison — out-of-scope для documentation-completeness, флагать только формальные атрибуты","","","Точный пункт «6.4» нужно сверить с действующей редакцией СП 256"
"EOM-06","EOM","Расчёт токов КЗ и проверка селективности","Mandatory required calculations","ЭКСПЛУАТАЦИОННОЕ","full_rd","missing_calculation_basis","ГОСТ Р 50571.5.52-2011, СП 256.1325800.2016","mandatory","full_rd","ПД","Расчёт КЗ — атрибут ПД. В РД-марке часто ссылается на ПД.","СП 256.1325800.2016; ГОСТ Р 50571.4.43; ГОСТ Р 50571.5.52","","high","true","ЭКСПЛУАТАЦИОННОЕ","document_type=audit_comparison — out-of-scope для documentation-completeness, флагать только формальные атрибуты; document_type=specification_only — спецификация по определению без расчётов/схем/ПЗ; не флагать; если стадия документа — РД-марка (а не ПД-том), пункт может быть атрибутом раздела ПД и в данной марке отсутствовать обоснованно","","",""
"EOM-07","EOM","Расчёт потерь напряжения в магистральных и групповых линиях","Mandatory required calculations","РЕКОМЕНДАТЕЛЬНОЕ","full_rd","missing_calculation_basis","СП 256.1325800.2016 п. 8.5","recommended","full_rd","ПД","","","","medium","true","РЕКОМЕНДАТЕЛЬНОЕ","document_type=audit_comparison — out-of-scope для documentation-completeness, флагать только формальные атрибуты; document_type=specification_only — спецификация по определению без расчётов/схем/ПЗ; не флагать","","","Пункт 8.5 в СП 256 — проверить номер"
"EOM-08","EOM","Кабельный журнал отходящих линий","Mandatory required specifications / schedules","ЭКСПЛУАТАЦИОННОЕ","full_rd|specification_only","missing_mandatory_schedule","ГОСТ 21.613-2014 п. 5.5","mandatory","full_rd; specification_only","РД","","ГОСТ 21.613-2014","п. 5.5","high","true","ЭКСПЛУАТАЦИОННОЕ","document_type=audit_comparison — out-of-scope для documentation-completeness, флагать только формальные атрибуты","","",""
"EOM-09","EOM","Спецификация оборудования, изделий и материалов","Mandatory required specifications / schedules","ЭКСПЛУАТАЦИОННОЕ","full_rd|specification_only","missing_mandatory_schedule","ГОСТ 21.110-2013","mandatory","full_rd; specification_only","РД","","ГОСТ 21.110-2013","","high","true","ЭКСПЛУАТАЦИОННОЕ","","","",""
"EOM-10","EOM","Однолинейная схема ВРУ/ГРЩ с аппаратами и кабелями","Mandatory required diagrams / schemes","ЭКСПЛУАТАЦИОННОЕ","full_rd","missing_diagram","ГОСТ 21.613-2014 п. 5.4","mandatory","full_rd","РД","","ГОСТ 21.613-2014","п. 5.4","high","true","ЭКСПЛУАТАЦИОННОЕ","document_type=audit_comparison — out-of-scope для documentation-completeness, флагать только формальные атрибуты; document_type=specification_only — спецификация по определению без расчётов/схем/ПЗ; не флагать","","",""
"EOM-11","EOM","Схемы ЩР/ЩО/ЩЭ с группами потребителей","Mandatory required diagrams / schemes","ЭКСПЛУАТАЦИОННОЕ","full_rd","missing_diagram","ГОСТ 21.613-2014","mandatory","full_rd","РД","","","","high","true","ЭКСПЛУАТАЦИОННОЕ","","","",""
"EOM-12","EOM","План этажей с трассировкой кабелей и щитами","Mandatory required diagrams / schemes","ЭКСПЛУАТАЦИОННОЕ","full_rd","missing_diagram","ГОСТ 21.613-2014","mandatory","full_rd","РД","","","","high","true","ЭКСПЛУАТАЦИОННОЕ","","","",""
"EOM-13","EOM","На каждом кабеле: сечение и марка (FRLS — для ПБ)","Mandatory required parameters","ЭКСПЛУАТАЦИОННОЕ","full_rd|specification_only","missing_mandatory_parameter","ГОСТ 31996-2012","mandatory","full_rd; specification_only","РД","","ГОСТ 31996-2012; ГОСТ 31565-2012 (исполнение FRLS/FRHF)","","high","true","ЭКСПЛУАТАЦИОННОЕ","document_type=audit_comparison — out-of-scope для documentation-completeness, флагать только формальные атрибуты","","",""
"EOM-14","EOM","На каждом АВ: I_ном, x-ка (B/C/D), I_откл","Mandatory required parameters","ЭКСПЛУАТАЦИОННОЕ","full_rd|specification_only","missing_mandatory_parameter","ГОСТ Р 50345-2010","mandatory","full_rd; specification_only","РД","","","","high","true","ЭКСПЛУАТАЦИОННОЕ","","","",""
"EOM-15","EOM","Длина участка кабеля (для расчёта потерь и КЗ)","Mandatory required parameters","ЭКСПЛУАТАЦИОННОЕ","full_rd|specification_only","missing_mandatory_parameter","","recommended","full_rd; specification_only","РД","Длина — частый параметр в кабельных журналах, но не всегда выводится в спецификации","","","medium","true","РЕКОМЕНДАТЕЛЬНОЕ","","","",""
"EOM-16","EOM","Перечень электроприёмников ОВ/ВК от смежников","Mandatory coordination requirements","ПРОВЕРИТЬ_ПО_СМЕЖНЫМ","full_rd","missing_mandatory_section","","recommended","full_rd","ПД; РД","Это задание смежнику, часто в виде отдельного письма","","","low","false","РЕКОМЕНДАТЕЛЬНОЕ","Cross-discipline coordination — обычно процесс-артефакт; флагать missing нельзя","","",""
"EOM-17","EOM","Координация АПС: управление ОВ и ППО при пожаре","Mandatory coordination requirements","ПРОВЕРИТЬ_ПО_СМЕЖНЫМ","full_rd","missing_mandatory_section","СП 7.13130.2013; СП 484.1311500.2020","conditionally_mandatory","full_rd","ПД; РД","Только если в проекте есть АПС и противодымная вентиляция","","","medium","false","ПРОВЕРИТЬ_ПО_СМЕЖНЫМ","Алгоритм управления — обычно в АПС, не в ЭОМ","","",""
"EOM-18","EOM","Закладные / отверстия от АР/КЖ для кабельных трасс","Mandatory coordination requirements","РЕКОМЕНДАТЕЛЬНОЕ","full_rd","missing_mandatory_section","","recommended","full_rd","РД","","","","low","false","РЕКОМЕНДАТЕЛЬНОЕ","","","",""
"EOM-19","EOM","Указания по приёмо-сдаточным испытаниям электроустановок","Mandatory testing / commissioning","РЕКОМЕНДАТЕЛЬНОЕ","full_rd","missing_mandatory_section","ПУЭ-7 гл. 1.8; ГОСТ Р 50571.16-2019; СП 76.13330.2016","recommended","full_rd","РД","Программа испытаний — часто отдельный документ для пусконаладки","","","medium","false","РЕКОМЕНДАТЕЛЬНОЕ","","","",""
"EOM-20","EOM","Расчёт компенсации реактивной мощности","Recommended items","РЕКОМЕНДАТЕЛЬНОЕ","full_rd","missing_calculation_basis","","conditionally_mandatory","full_rd","ПД","Только для объектов с большой нагрузкой двигателей / промышленных","","","medium","true","РЕКОМЕНДАТЕЛЬНОЕ","жилой МКД без больших двигательных нагрузок — компенсация необязательна","","",""
"EOM-21","EOM","Схема АВР для потребителей I категории","Recommended items","РЕКОМЕНДАТЕЛЬНОЕ","full_rd","missing_diagram","СП 256.1325800.2016","conditionally_mandatory","full_rd","ПД; РД","Только если в проекте заявлена I или I-особая категория","","","high","true","ЭКСПЛУАТАЦИОННОЕ","Категория не выше II — АВР не обязателен","","",""
"EOM-22","EOM","Молниезащита с расчётом класса","Conditional items","ЭКСПЛУАТАЦИОННОЕ","full_rd","missing_calculation_basis","СО-153-34.21.122-2003","conditionally_mandatory","full_rd","ПД","Только при попадании объекта в категории по СО-153","","","medium","true","ЭКСПЛУАТАЦИОННОЕ","низкое здание, низкая категория объекта","","",""
"EOM-23","EOM","Схема резервного питания (АВР/ДГУ/ИБП) для I категории","Conditional items","ЭКСПЛУАТАЦИОННОЕ","full_rd","missing_mandatory_section","ПУЭ-7 п. 1.2","conditionally_mandatory","full_rd","ПД; РД","Только при I/I-особой категории надёжности","","","high","true","ЭКСПЛУАТАЦИОННОЕ","","","",""
"EOM-24","EOM","УЗО для розеток (30 мА) и ванных (10 мА)","Conditional items","ЭКСПЛУАТАЦИОННОЕ","full_rd|specification_only","missing_mandatory_parameter","ПУЭ-7 п. 7.1.71-7.1.83","conditionally_mandatory","full_rd; specification_only","РД","Применяется к розеточным группам и санузлам","","","high","true","ЭКСПЛУАТАЦИОННОЕ","","","","Пункты ПУЭ-7 — добровольное применение; параллель: СП 256.1325800.2016 разд. 7"
"EOM-25","EOM","Координация с разделом ВТ — электропитание лифтов","Conditional items","ЭКСПЛУАТАЦИОННОЕ","full_rd","missing_mandatory_section","","conditionally_mandatory","full_rd","РД","Только при наличии лифтов","","","low","false","РЕКОМЕНДАТЕЛЬНОЕ","","","",""
"KJ-01","KJ","Общие данные: классы бетона, арматуры, F, W","Mandatory required sections / artifacts","ПРОВЕРИТЬ_ПО_СМЕЖНЫМ","full_rd","missing_mandatory_section","СП 63.13330.2018, разделы 6 и 10","mandatory","full_rd","ПД; РД","","СП 63.13330.2018","разд. 6, 10","high","true","ПРОВЕРИТЬ_ПО_СМЕЖНЫМ","document_type=audit_comparison — out-of-scope для documentation-completeness, флагать только формальные атрибуты; document_type=specification_only — спецификация по определению без расчётов/схем/ПЗ; не флагать","","",""
"KJ-02","KJ","Схема расположения элементов: фундаменты, плиты, балки","Mandatory required sections / artifacts","ПРОВЕРИТЬ_ПО_СМЕЖНЫМ","full_rd","missing_mandatory_section","ГОСТ 21.501-2018 п. 5.4","mandatory","full_rd","РД","","","","high","true","ЭКСПЛУАТАЦИОННОЕ","","","",""
"KJ-03","KJ","Антикоррозионная защита бетонных и арматурных конструкций","Mandatory required sections / artifacts","ПРОВЕРИТЬ_ПО_СМЕЖНЫМ","full_rd","missing_mandatory_section","СП 28.13330.2017","conditionally_mandatory","full_rd","ПД; РД","Подробно — только при агрессивной среде по СП 28; для нормальной среды достаточно ссылки","","","medium","true","ПРОВЕРИТЬ_ПО_СМЕЖНЫМ","","","",""
"KJ-04","KJ","Требования к производству работ (опалубка, бетонирование)","Mandatory required sections / artifacts","ПРОВЕРИТЬ_ПО_СМЕЖНЫМ","full_rd","missing_mandatory_section","СП 70.13330.2012","recommended","full_rd","РД","Часто оформляется отдельным ППР; в КЖ-марке может быть только ссылка","","","medium","false","РЕКОМЕНДАТЕЛЬНОЕ","","","",""
"KJ-05","KJ","Расчётная схема несущего каркаса с нагрузками","Mandatory required calculations","КРИТИЧЕСКОЕ","full_rd","missing_calculation_basis","СП 20.13330.2016, СП 63.13330.2018 п. 6","mandatory","full_rd","ПД","Расчётная схема — атрибут ПД","","","high","true","КРИТИЧЕСКОЕ","document_type=audit_comparison — out-of-scope для documentation-completeness, флагать только формальные атрибуты; document_type=specification_only — спецификация по определению без расчётов/схем/ПЗ; не флагать; если стадия документа — РД-марка (а не ПД-том), пункт может быть атрибутом раздела ПД и в данной марке отсутствовать обоснованно","","",""
"KJ-06","KJ","Сбор нагрузок (постоянные, временные, снег, ветер)","Mandatory required calculations","КРИТИЧЕСКОЕ","full_rd","missing_calculation_basis","СП 20.13330.2016","mandatory","full_rd","ПД","","","","high","true","КРИТИЧЕСКОЕ","document_type=audit_comparison — out-of-scope для documentation-completeness, флагать только формальные атрибуты; document_type=specification_only — спецификация по определению без расчётов/схем/ПЗ; не флагать; если стадия документа — РД-марка (а не ПД-том), пункт может быть атрибутом раздела ПД и в данной марке отсутствовать обоснованно","","",""
"KJ-07","KJ","Расчёт по I группе предельных состояний","Mandatory required calculations","КРИТИЧЕСКОЕ","full_rd","missing_calculation_basis","СП 63.13330.2018 п. 8","mandatory","full_rd","ПД","","","","high","true","КРИТИЧЕСКОЕ","","","",""
"KJ-08","KJ","Расчёт по II ГПС + продавливание","Mandatory required calculations","ЭКСПЛУАТАЦИОННОЕ","full_rd","missing_calculation_basis","СП 63.13330.2018 п. 8.1.46, 8.2","mandatory","full_rd","ПД","","","","medium","true","ЭКСПЛУАТАЦИОННОЕ","","","","Точные пункты 8.1.46 и 8.2 проверить через mcp__norms"
"KJ-09","KJ","Геотехнический расчёт оснований с привязкой к ИГИ","Mandatory required calculations","ЭКСПЛУАТАЦИОННОЕ","full_rd","missing_calculation_basis","СП 22.13330.2016","conditionally_mandatory","full_rd","ПД","Только при наличии ИГИ и при типе фундамента, требующем расчёта основания","","","medium","true","ЭКСПЛУАТАЦИОННОЕ","","","",""
"KJ-10","KJ","Спецификация арматуры (класс, диаметр, длина)","Mandatory required specifications / schedules","ЭКСПЛУАТАЦИОННОЕ","full_rd|specification_only","missing_mandatory_schedule","ГОСТ 21.501-2018, СП 63.13330.2018","mandatory","full_rd; specification_only","РД","","","","high","true","ЭКСПЛУАТАЦИОННОЕ","","","",""
"KJ-11","KJ","Ведомость расхода стали","Mandatory required specifications / schedules","ЭКСПЛУАТАЦИОННОЕ","full_rd|specification_only","missing_mandatory_schedule","ГОСТ 21.501-2018","mandatory","full_rd; specification_only","РД","","","","high","true","ЭКСПЛУАТАЦИОННОЕ","","","",""
"KJ-12","KJ","Спецификация закладных деталей (ГОСТ 14098-2014)","Mandatory required specifications / schedules","ЭКСПЛУАТАЦИОННОЕ","full_rd|specification_only","missing_mandatory_schedule","ГОСТ 21.502-2016","conditionally_mandatory","full_rd; specification_only","РД","Только если в КЖ есть закладные детали","","","high","true","ЭКСПЛУАТАЦИОННОЕ","","","",""
"KJ-13","KJ","Узлы армирования (колонна-плита, балка-колонна и т.п.)","Mandatory required diagrams / schemes","ЭКСПЛУАТАЦИОННОЕ","full_rd","missing_diagram","ГОСТ 21.501-2018, СП 63.13330.2018 п. 10","mandatory","full_rd","РД","","","","high","true","ЭКСПЛУАТАЦИОННОЕ","","","",""
"KJ-14","KJ","Узлы сварных соединений арматуры","Mandatory required diagrams / schemes","ЭКСПЛУАТАЦИОННОЕ","full_rd","missing_diagram","ГОСТ 14098-2014","conditionally_mandatory","full_rd","РД","Только при наличии сварных соединений арматуры","","","high","true","ЭКСПЛУАТАЦИОННОЕ","нет сварных соединений (все стыки вязаные/механические)","","",""
"KJ-15","KJ","Класс арматуры, диаметр, шаг, защитный слой на каждом элементе","Mandatory required parameters","ЭКСПЛУАТАЦИОННОЕ","full_rd|specification_only","missing_mandatory_parameter","СП 63.13330.2018 п. 10.3","mandatory","full_rd; specification_only","РД","","","","high","true","ЭКСПЛУАТАЦИОННОЕ","","","",""
"KJ-16","KJ","Длина анкеровки / нахлёста","Mandatory required parameters","РЕКОМЕНДАТЕЛЬНОЕ","full_rd|specification_only","missing_mandatory_parameter","СП 63.13330.2018 п. 10.3.5","recommended","full_rd; specification_only","РД","","","","medium","true","РЕКОМЕНДАТЕЛЬНОЕ","","","","Точный пункт 10.3.5 в СП 63 — сверить"
"KJ-17","KJ","Закладные для КМ/ЭОМ/ОВ","Mandatory coordination requirements","ПРОВЕРИТЬ_ПО_СМЕЖНЫМ","full_rd","missing_mandatory_section","","recommended","full_rd","РД","Coordination — process artifact","","","low","false","РЕКОМЕНДАТЕЛЬНОЕ","","","",""
"KJ-18","KJ","Отверстия в плитах для ОВ/ВК с армированием","Mandatory coordination requirements","ПРОВЕРИТЬ_ПО_СМЕЖНЫМ","full_rd","missing_mandatory_section","","conditionally_mandatory","full_rd","РД","Только при наличии отверстий ≥ установленного размера","","","medium","false","ПРОВЕРИТЬ_ПО_СМЕЖНЫМ","","","",""
"KJ-19","KJ","Привязка фундаментов к ИГИ","Mandatory coordination requirements","ПРОВЕРИТЬ_ПО_СМЕЖНЫМ","full_rd","missing_mandatory_section","СП 22.13330.2016","mandatory","full_rd","ПД","ИГИ — отдельный документ; в КЖ — ссылка","","","medium","true","ПРОВЕРИТЬ_ПО_СМЕЖНЫМ","Если есть ссылка «по данным ИГИ от …» — нормально","","",""
"KJ-20","KJ","Контроль качества бетонирования и приёмка скрытых работ","Mandatory testing / commissioning","РЕКОМЕНДАТЕЛЬНОЕ","full_rd","missing_mandatory_section","СП 70.13330.2012","recommended","full_rd","РД","Часто в ППР","","","medium","false","РЕКОМЕНДАТЕЛЬНОЕ","","","",""
"KJ-21","KJ","Расчёт прогибов и раскрытия трещин","Recommended items","РЕКОМЕНДАТЕЛЬНОЕ","full_rd","missing_calculation_basis","СП 63.13330.2018","recommended","full_rd","ПД","","","","medium","true","РЕКОМЕНДАТЕЛЬНОЕ","","","",""
"KJ-22","KJ","Технологическая последовательность бетонных работ","Recommended items","РЕКОМЕНДАТЕЛЬНОЕ","full_rd","missing_mandatory_section","СП 70.13330.2012","recommended","full_rd","РД","","","","medium","false","РЕКОМЕНДАТЕЛЬНОЕ","","","",""
"KJ-23","KJ","Расчёт на ветровую нагрузку с пульсациями (≥ 75 м)","Conditional items","ЭКСПЛУАТАЦИОННОЕ","full_rd","missing_calculation_basis","СП 20.13330.2016","conditionally_mandatory","full_rd","ПД","Только для высоких зданий (≥ 75 м)","","","high","true","ЭКСПЛУАТАЦИОННОЕ","Здание ниже 75 м","","",""
"KJ-24","KJ","Расчёт на сейсмические воздействия (сейсмо-районы)","Conditional items","ЭКСПЛУАТАЦИОННОЕ","full_rd","missing_calculation_basis","СП 14.13330.2018","conditionally_mandatory","full_rd","ПД","Только в сейсмических районах ≥ 6 баллов","","","high","true","ЭКСПЛУАТАЦИОННОЕ","несейсмический район по карте ОСР","","",""
"KJ-25","KJ","Гидроизоляция и расчёт водонепроницаемости подземной части","Conditional items","ЭКСПЛУАТАЦИОННОЕ","full_rd","missing_mandatory_section","СП 250.1325800.2016","conditionally_mandatory","full_rd","ПД; РД","Только при наличии подземной части","","","high","true","ЭКСПЛУАТАЦИОННОЕ","нет подземной части","","",""
"KM-01","KM","Общие данные: классы стали, обозначения швов, точность","Mandatory required sections / artifacts","ПРОВЕРИТЬ_ПО_СМЕЖНЫМ","full_rd","missing_mandatory_section","ГОСТ 21.502-2016 п. 4","mandatory","full_rd","ПД; РД","","ГОСТ 21.502-2016; ГОСТ 27772-2015","","high","true","ПРОВЕРИТЬ_ПО_СМЕЖНЫМ","","","",""
"KM-02","KM","Антикоррозионная защита (система покрытия)","Mandatory required sections / artifacts","ПРОВЕРИТЬ_ПО_СМЕЖНЫМ","full_rd","missing_mandatory_section","СП 28.13330.2017","conditionally_mandatory","full_rd","ПД; РД","Подробный раздел — для агрессивной среды; для нормальной — ссылка достаточна","","","medium","true","ПРОВЕРИТЬ_ПО_СМЕЖНЫМ","","","",""
"KM-03","KM","Огнезащита несущих стальных элементов с пределом R","Mandatory required sections / artifacts","ПРОВЕРИТЬ_ПО_СМЕЖНЫМ","full_rd","missing_mandatory_section","СП 2.13130.2020","conditionally_mandatory","full_rd","ПД; РД","Только при требуемом пределе огнестойкости ≥ R15. Для R0 — не требуется.","СП 2.13130.2020; ФЗ-123","","high","true","ЭКСПЛУАТАЦИОННОЕ","","","",""
"KM-04","KM","Требования к контролю качества сварных соединений","Mandatory required sections / artifacts","ПРОВЕРИТЬ_ПО_СМЕЖНЫМ","full_rd","missing_mandatory_section","ГОСТ Р ИСО 17637, ГОСТ 7512-82","recommended","full_rd","РД","Часто в ППР / технологических картах","","","medium","false","РЕКОМЕНДАТЕЛЬНОЕ","","","",""
"KM-05","KM","Расчётная схема каркаса с l_ef","Mandatory required calculations","КРИТИЧЕСКОЕ","full_rd","missing_calculation_basis","СП 16.13330.2017 п. 7-8","mandatory","full_rd","ПД","","","","high","true","КРИТИЧЕСКОЕ","","","",""
"KM-06","KM","Подбор сечений: прочность + устойчивость","Mandatory required calculations","КРИТИЧЕСКОЕ","full_rd","missing_calculation_basis","СП 16.13330.2017 п. 7.1","mandatory","full_rd","ПД","","","","high","true","КРИТИЧЕСКОЕ","","","",""
"KM-07","KM","Подбор по двум ГПС (прочность + прогиб)","Mandatory required calculations","ЭКСПЛУАТАЦИОННОЕ","full_rd","missing_calculation_basis","СП 20.13330.2016, СП 16.13330.2017 п. 6","mandatory","full_rd","ПД","","","","high","true","ЭКСПЛУАТАЦИОННОЕ","","","",""
"KM-08","KM","Расчёт узлов и соединений (болт + сварка)","Mandatory required calculations","КРИТИЧЕСКОЕ","full_rd","missing_calculation_basis","СП 16.13330.2017 п. 14","mandatory","full_rd","ПД","","","","high","true","КРИТИЧЕСКОЕ","","","",""
"KM-09","KM","Ведомость элементов / отправочных марок","Mandatory required specifications","ЭКСПЛУАТАЦИОННОЕ","full_rd|specification_only","missing_mandatory_schedule","ГОСТ 21.502-2016","mandatory","full_rd; specification_only","РД; КМД","","","","high","true","ЭКСПЛУАТАЦИОННОЕ","","","",""
"KM-10","KM","Спецификация металлопроката по сортаменту","Mandatory required specifications","ЭКСПЛУАТАЦИОННОЕ","full_rd|specification_only","missing_mandatory_schedule","ГОСТ 8239/8240/26020/30245","mandatory","full_rd; specification_only","РД","","","","high","true","ЭКСПЛУАТАЦИОННОЕ","","","",""
"KM-11","KM","Ведомость метизов (болты, заклёпки) с классом прочности","Mandatory required specifications","ЭКСПЛУАТАЦИОННОЕ","full_rd|specification_only","missing_mandatory_schedule","","conditionally_mandatory","full_rd; specification_only","РД","Только при наличии болтовых соединений","","","high","true","ЭКСПЛУАТАЦИОННОЕ","","","",""
"KM-12","KM","Узлы соединений (опорные, монтажные стыки, узлы ферм)","Mandatory required diagrams","ЭКСПЛУАТАЦИОННОЕ","full_rd","missing_diagram","ГОСТ 21.502-2016","mandatory","full_rd","РД","","","","high","true","ЭКСПЛУАТАЦИОННОЕ","","","",""
"KM-13","KM","Монтажные схемы с маркировкой отправочных элементов","Mandatory required diagrams","ЭКСПЛУАТАЦИОННОЕ","full_rd","missing_diagram","ГОСТ 21.502-2016","conditionally_mandatory","full_rd","РД; КМД","Монтажные схемы — атрибут КМ или КМД (детализации)","","","high","true","ЭКСПЛУАТАЦИОННОЕ","","","",""
"KM-14","KM","На элементе: сечение профиля и класс стали","Mandatory required parameters","ЭКСПЛУАТАЦИОННОЕ","full_rd|specification_only","missing_mandatory_parameter","ГОСТ 27772-2015","mandatory","full_rd; specification_only","РД","","","","high","true","ЭКСПЛУАТАЦИОННОЕ","","","",""
"KM-15","KM","Болт: класс прочности, кол-во, шаг, μ для фрикц.","Mandatory required parameters","ЭКСПЛУАТАЦИОННОЕ","full_rd|specification_only","missing_mandatory_parameter","СП 16.13330.2017 п. 14","mandatory","full_rd; specification_only","РД","","","","high","true","ЭКСПЛУАТАЦИОННОЕ","","","",""
"KM-16","KM","Сварной шов: тип, k_f, длина, электроды","Mandatory required parameters","ЭКСПЛУАТАЦИОННОЕ","full_rd|specification_only","missing_mandatory_parameter","","mandatory","full_rd; specification_only","РД","","","","high","true","ЭКСПЛУАТАЦИОННОЕ","","","",""
"KM-17","KM","Нагрузки от ОВ/ВК на покрытие и фермы","Mandatory coordination","ПРОВЕРИТЬ_ПО_СМЕЖНЫМ","full_rd","missing_mandatory_section","","recommended","full_rd","ПД; РД","Координация — задание смежнику","","","low","false","РЕКОМЕНДАТЕЛЬНОЕ","","","",""
"KM-18","KM","Опирание перекрытий КЖ на металлические колонны","Mandatory coordination","ПРОВЕРИТЬ_ПО_СМЕЖНЫМ","full_rd","missing_mandatory_section","","conditionally_mandatory","full_rd","РД","Только в гибридном каркасе КЖ+КМ","","","medium","false","РЕКОМЕНДАТЕЛЬНОЕ","","","",""
"KM-19","KM","Координация с АР по узлам сопряжения с фасадом","Mandatory coordination","РЕКОМЕНДАТЕЛЬНОЕ","full_rd","missing_mandatory_section","","recommended","full_rd","РД","","","","low","false","РЕКОМЕНДАТЕЛЬНОЕ","","","",""
"KM-20","KM","Контроль швов (РК/УЗД) и моменты затяжки болтов","Mandatory testing / commissioning","РЕКОМЕНДАТЕЛЬНОЕ","full_rd","missing_mandatory_section","ГОСТ Р ИСО 17637, СП 70.13330.2012","recommended","full_rd","РД","Часто в ППР","","","medium","false","РЕКОМЕНДАТЕЛЬНОЕ","","","",""
"KM-21","KM","Явное указание γ_c, γ_n, γ_f","Recommended items","РЕКОМЕНДАТЕЛЬНОЕ","full_rd","missing_mandatory_parameter","СП 16.13330.2017 п. 1.5","recommended","full_rd","ПД","","","","medium","true","РЕКОМЕНДАТЕЛЬНОЕ","","","",""
"KM-22","KM","Сертификат соответствия проката для ответственных конструкций","Recommended items","РЕКОМЕНДАТЕЛЬНОЕ","full_rd|specification_only","incomplete_specification","","recommended","full_rd; specification_only","РД","Сертификат — атрибут исполнительной документации, а не проектной","","","medium","false","РЕКОМЕНДАТЕЛЬНОЕ","","","",""
"KM-23","KM","Расширенный АКЗ-раздел при агрессивной среде","Conditional items","ЭКСПЛУАТАЦИОННОЕ","full_rd","missing_mandatory_section","СП 28.13330.2017","conditionally_mandatory","full_rd","ПД; РД","Только при агрессивной/слабоагрессивной среде","","","high","true","ЭКСПЛУАТАЦИОННОЕ","среда неагрессивная","","",""
"KM-24","KM","Расчёт на динамические воздействия (высотные/большепролётные)","Conditional items","ЭКСПЛУАТАЦИОННОЕ","full_rd","missing_calculation_basis","СП 20.13330.2016","conditionally_mandatory","full_rd","ПД","Только для высотных и большепролётных объектов","","","high","true","ЭКСПЛУАТАЦИОННОЕ","","","",""
"KM-25","KM","Расчёт устойчивости поясов и раскосов фермы","Conditional items","ЭКСПЛУАТАЦИОННОЕ","full_rd","missing_diagram","СП 16.13330.2017","conditionally_mandatory","full_rd","ПД","Только при ферменном решении покрытия","","","high","true","ЭКСПЛУАТАЦИОННОЕ","","","",""
"MULTI-01","MULTI","Сводный перечень разделов проекта","Mandatory required sections / artifacts","ПРОВЕРИТЬ_ПО_СМЕЖНЫМ","full_rd|audit_comparison","missing_mandatory_section","ГОСТ Р 21.1101-2013","conditionally_mandatory","full_rd; audit_comparison","ПД","Сводный перечень — атрибут проекта в целом (ПЗ или общая часть тома 1). Для одной марки РД не обязателен.","","","medium","false","РЕКОМЕНДАТЕЛЬНОЕ","одна марка РД в PDF — сводный перечень не её атрибут","","","ГОСТ Р 21.1101-2013 заменён на ГОСТ Р 21.101-2020 — обновить ссылку"
"MULTI-02","MULTI","Каждое требование ТЗ имеет решение в РД","Mandatory required sections / artifacts","ПРОВЕРИТЬ_ПО_СМЕЖНЫМ","tz_vs_rd","missing_mandatory_section","ГОСТ Р 21.1101-2013","mandatory","tz_vs_rd","ПД; РД","","ГОСТ Р 21.101-2020","","high","true","ПРОВЕРИТЬ_ПО_СМЕЖНЫМ","document_type не tz_vs_rd","","","ГОСТ Р 21.1101-2013 заменён на ГОСТ Р 21.101-2020 — обновить ссылку"
"MULTI-03","MULTI","Отклонения от ТЗ оформлены явно (лист изм. / протокол)","Mandatory required sections / artifacts","ПРОВЕРИТЬ_ПО_СМЕЖНЫМ","tz_vs_rd","missing_mandatory_section","ГОСТ Р 21.1101-2013","mandatory","tz_vs_rd","ПД; РД","","","","high","true","ПРОВЕРИТЬ_ПО_СМЕЖНЫМ","","","","ГОСТ Р 21.1101-2013 заменён на ГОСТ Р 21.101-2020 — обновить ссылку"
"MULTI-04","MULTI","Сводная ведомость замечаний с статусом","Mandatory required sections / artifacts","ПРОВЕРИТЬ_ПО_СМЕЖНЫМ","audit_comparison","missing_mandatory_section","","mandatory","audit_comparison","ПД; РД","","","","high","true","ПРОВЕРИТЬ_ПО_СМЕЖНЫМ","","","",""
"MULTI-05","MULTI","ЭОМ↔ОВ: P_уст вентиляторов совпадают","Mandatory cross-section consistency","ПРОВЕРИТЬ_ПО_СМЕЖНЫМ","full_rd","missing_mandatory_section","ГОСТ Р 21.1101-2013","recommended","full_rd","ПД; РД","Требует наличия обоих разделов в одном MD. Один MD = один раздел → проверять нельзя.","","","low","false","РЕКОМЕНДАТЕЛЬНОЕ","один MD = один раздел; cross-section consistency требует двух разделов одновременно","","","ГОСТ Р 21.1101-2013 заменён на ГОСТ Р 21.101-2020 — обновить ссылку"
"MULTI-06","MULTI","ЭОМ↔ВК: P_уст насосов совпадают","Mandatory cross-section consistency","ПРОВЕРИТЬ_ПО_СМЕЖНЫМ","full_rd","missing_mandatory_section","","recommended","full_rd","РД","То же — нужны два раздела","","","low","false","РЕКОМЕНДАТЕЛЬНОЕ","","","",""
"MULTI-07","MULTI","ЭОМ↔СС: мощность стойки СС совпадает с электробалансом","Mandatory cross-section consistency","ПРОВЕРИТЬ_ПО_СМЕЖНЫМ","full_rd","missing_mandatory_section","","recommended","full_rd","РД","То же","","","low","false","РЕКОМЕНДАТЕЛЬНОЕ","","","",""
"MULTI-08","MULTI","ОВ↔АПС (СС): алгоритм управления ПДВ","Mandatory cross-section consistency","ПРОВЕРИТЬ_ПО_СМЕЖНЫМ","full_rd","missing_mandatory_section","СП 7.13130.2013; СП 484.1311500.2020","recommended","full_rd","ПД; РД","Алгоритм — обычно в АПС-разделе","","","low","false","РЕКОМЕНДАТЕЛЬНОЕ","","","",""
"MULTI-09","MULTI","ВК↔АПС: запуск противопожарной насосной","Mandatory cross-section consistency","ПРОВЕРИТЬ_ПО_СМЕЖНЫМ","full_rd","missing_mandatory_section","СП 10.13130.2020","recommended","full_rd","РД","","","","low","false","РЕКОМЕНДАТЕЛЬНОЕ","","","",""
"MULTI-10","MULTI","АР↔КЖ: габариты и привязки конструктивных элементов","Mandatory cross-section consistency","ПРОВЕРИТЬ_ПО_СМЕЖНЫМ","full_rd","missing_mandatory_section","","recommended","full_rd","РД","Требует два раздела одновременно","","","low","false","РЕКОМЕНДАТЕЛЬНОЕ","","","",""
"MULTI-11","MULTI","АР↔КМ: узлы сопряжения с фасадом","Mandatory cross-section consistency","ПРОВЕРИТЬ_ПО_СМЕЖНЫМ","full_rd","missing_mandatory_section","","recommended","full_rd","РД","","","","low","false","РЕКОМЕНДАТЕЛЬНОЕ","","","",""
"MULTI-12","MULTI","КЖ↔КМ: закладные для опирания КМ на ж/б","Mandatory cross-section consistency","ПРОВЕРИТЬ_ПО_СМЕЖНЫМ","full_rd","missing_mandatory_section","","recommended","full_rd","РД","","","","low","false","РЕКОМЕНДАТЕЛЬНОЕ","","","",""
"MULTI-13","MULTI","АР↔ОВ/ВК/ЭОМ: проходы и отверстия","Mandatory cross-section consistency","ПРОВЕРИТЬ_ПО_СМЕЖНЫМ","full_rd","missing_mandatory_section","","recommended","full_rd","РД","","","","low","false","РЕКОМЕНДАТЕЛЬНОЕ","","","",""
"MULTI-14","MULTI","Единицы измерения одинаковые во всех разделах","Mandatory parameter consistency","ЭКСПЛУАТАЦИОННОЕ","full_rd|audit_comparison|tz_vs_rd","missing_mandatory_parameter","","mandatory","full_rd; audit_comparison; tz_vs_rd","ПД; РД","Может проверяться внутри одного раздела (внутренние единицы)","","","medium","true","РЕКОМЕНДАТЕЛЬНОЕ","","","",""
"MULTI-15","MULTI","Параметры РД количественно совпадают с ТЗ","Mandatory parameter consistency","ЭКСПЛУАТАЦИОННОЕ","tz_vs_rd","missing_mandatory_parameter","","mandatory","tz_vs_rd","ПД; РД","","","","high","true","ЭКСПЛУАТАЦИОННОЕ","","","",""
"MULTI-16","MULTI","Спецификация соответствует составу ТЗ","Mandatory parameter consistency","РЕКОМЕНДАТЕЛЬНОЕ","full_rd|specification_only","missing_mandatory_parameter","ГОСТ 21.110-2013","recommended","full_rd; specification_only","РД","","","","medium","true","РЕКОМЕНДАТЕЛЬНОЕ","","","",""
"MULTI-17","MULTI","Сводная схема взаимодействия инженерных систем","Mandatory required diagrams","РЕКОМЕНДАТЕЛЬНОЕ","full_rd","missing_diagram","","recommended","full_rd","ПД","","","","low","true","РЕКОМЕНДАТЕЛЬНОЕ","","","",""
"MULTI-18","MULTI","Программа комплексных испытаний (АПС+ОВ+ЭОМ+ВК)","Mandatory testing","РЕКОМЕНДАТЕЛЬНОЕ","full_rd","missing_mandatory_section","","recommended","full_rd","РД","","","","medium","false","РЕКОМЕНДАТЕЛЬНОЕ","","","",""
"MULTI-19","MULTI","Журнал согласований между смежниками","Recommended items","РЕКОМЕНДАТЕЛЬНОЕ","full_rd","missing_mandatory_section","","recommended","full_rd","РД","","","","low","false","РЕКОМЕНДАТЕЛЬНОЕ","","","",""
"MULTI-20","MULTI","Каждое замечание из исходного аудита прокомментировано","Recommended items","РЕКОМЕНДАТЕЛЬНОЕ","audit_comparison","incomplete_specification","","recommended","audit_comparison","ПД; РД","","","","high","true","РЕКОМЕНДАТЕЛЬНОЕ","","","",""
"MULTI-21","MULTI","Специфические требования ТЗ (BIM, LEED) — отражение в РД","Conditional items","ЭКСПЛУАТАЦИОННОЕ","tz_vs_rd","missing_mandatory_section","","conditionally_mandatory","tz_vs_rd","ПД; РД","Только при наличии таких требований в ТЗ","","","medium","true","ЭКСПЛУАТАЦИОННОЕ","","","",""
"MULTI-22","MULTI","Статус устранения каждого КРИТ из исходного аудита","Conditional items","ЭКСПЛУАТАЦИОННОЕ","audit_comparison","missing_mandatory_section","","conditionally_mandatory","audit_comparison","ПД; РД","Только если исходный аудит содержал КРИТ","","","high","true","ЭКСПЛУАТАЦИОННОЕ","","","",""
"OV-01","OV","Общие данные: клим. параметры, темп. график","Mandatory required sections / artifacts","ПРОВЕРИТЬ_ПО_СМЕЖНЫМ","full_rd","missing_mandatory_section","СП 60.13330.2020 п. 5","conditionally_mandatory","full_rd","ПД","Это атрибут ПД (раздел 5.3 ПП РФ 87), может быть в томе ПД, а не в РД-марке","","","high","true","ПРОВЕРИТЬ_ПО_СМЕЖНЫМ","если стадия документа — РД-марка (а не ПД-том), пункт может быть атрибутом раздела ПД и в данной марке отсутствовать обоснованно; document_type=audit_comparison — out-of-scope для documentation-completeness, флагать только формальные атрибуты; document_type=specification_only — спецификация по определению без расчётов/схем/ПЗ; не флагать","","",""
"OV-02","OV","""Отопление"": тип системы, теплоноситель, регулирование","Mandatory required sections / artifacts","ПРОВЕРИТЬ_ПО_СМЕЖНЫМ","full_rd","missing_mandatory_section","СП 60.13330.2020","conditionally_mandatory","full_rd","ПД; РД","Только если объект отапливается (не для летних/неотапливаемых)","","","high","true","ПРОВЕРИТЬ_ПО_СМЕЖНЫМ","","","",""
"OV-03","OV","""Вентиляция"": приток и вытяжка","Mandatory required sections / artifacts","ПРОВЕРИТЬ_ПО_СМЕЖНЫМ","full_rd","missing_mandatory_section","СП 60.13330.2020 п. 7","mandatory","full_rd","ПД; РД","","","","high","true","ПРОВЕРИТЬ_ПО_СМЕЖНЫМ","","","",""
"OV-04","OV","""Противодымная вентиляция"" для МКД и общественных","Mandatory required sections / artifacts","ПРОВЕРИТЬ_ПО_СМЕЖНЫМ","full_rd","missing_mandatory_section","СП 7.13130.2013","conditionally_mandatory","full_rd","ПД; РД","Обязательна только для МКД ≥ 28 м и определённых общественных зданий (СП 7.13130.2013 п. 7.2)","СП 7.13130.2013","п. 7.2 (область применения)","high","true","ПРОВЕРИТЬ_ПО_СМЕЖНЫМ","низкие МКД < 28 м и обычные общественные без массового пребывания","","",""
"OV-05","OV","Расчёт воздухообмена по помещениям","Mandatory required calculations","КРИТИЧЕСКОЕ","full_rd","missing_calculation_basis","СП 60.13330.2020 п. 7","mandatory","full_rd","ПД","Атрибут ПД","","","high","true","КРИТИЧЕСКОЕ","document_type=audit_comparison — out-of-scope для documentation-completeness, флагать только формальные атрибуты; document_type=specification_only — спецификация по определению без расчётов/схем/ПЗ; не флагать; если стадия документа — РД-марка (а не ПД-том), пункт может быть атрибутом раздела ПД и в данной марке отсутствовать обоснованно","","",""
"OV-06","OV","Расчёт тепловых нагрузок и теплопотерь","Mandatory required calculations","ЭКСПЛУАТАЦИОННОЕ","full_rd","missing_calculation_basis","СП 60.13330.2020","mandatory","full_rd","ПД","","","","high","true","ЭКСПЛУАТАЦИОННОЕ","","","",""
"OV-07","OV","Расчёт потерь давления, подбор вентустановок","Mandatory required calculations","ЭКСПЛУАТАЦИОННОЕ","full_rd","missing_calculation_basis","СП 60.13330.2020","mandatory","full_rd","ПД","","","","high","true","ЭКСПЛУАТАЦИОННОЕ","","","",""
"OV-08","OV","Проверка кратности по нормативам помещений","Mandatory required calculations","ЭКСПЛУАТАЦИОННОЕ","full_rd","missing_calculation_basis","СП 60.13330.2020, СанПиН 1.2.3685-21","mandatory","full_rd","ПД","","","","high","true","ЭКСПЛУАТАЦИОННОЕ","","","",""
"OV-09","OV","Гидравлический и акустический расчёт","Mandatory required calculations","РЕКОМЕНДАТЕЛЬНОЕ","full_rd","missing_calculation_basis","СП 60.13330.2020, СП 51.13330.2011","recommended","full_rd","ПД","","","","medium","true","РЕКОМЕНДАТЕЛЬНОЕ","","","",""
"OV-10","OV","Спецификация оборудования и материалов","Mandatory required specifications","ЭКСПЛУАТАЦИОННОЕ","full_rd|specification_only","missing_mandatory_schedule","ГОСТ 21.602-2016","mandatory","full_rd; specification_only","РД","","","","high","true","ЭКСПЛУАТАЦИОННОЕ","","","",""
"OV-11","OV","Ведомость воздуховодов (сечения, материалы, крепления)","Mandatory required specifications","ЭКСПЛУАТАЦИОННОЕ","full_rd|specification_only","missing_mandatory_schedule","","conditionally_mandatory","full_rd; specification_only","РД","Только при наличии воздуховодов (нет вентсистем — нет ведомости)","","","medium","true","ЭКСПЛУАТАЦИОННОЕ","","","",""
"OV-12","OV","Аксонометрические схемы и планы (П1, В1...)","Mandatory required diagrams","ЭКСПЛУАТАЦИОННОЕ","full_rd","missing_diagram","ГОСТ 21.602-2016","mandatory","full_rd","РД","","","","high","true","ЭКСПЛУАТАЦИОННОЕ","","","",""
"OV-13","OV","Узлы прохода воздуховодов через ограждения с ОЗК","Mandatory required diagrams","ЭКСПЛУАТАЦИОННОЕ","full_rd","missing_diagram","СП 7.13130.2013","conditionally_mandatory","full_rd","РД","Только при наличии огнезадерживающих клапанов в проекте","","","high","true","ЭКСПЛУАТАЦИОННОЕ","","","",""
"OV-14","OV","На установке: L (м³/ч), P (Па)","Mandatory required parameters","ЭКСПЛУАТАЦИОННОЕ","full_rd|specification_only","missing_mandatory_parameter","СП 60.13330.2020","mandatory","full_rd; specification_only","РД","","","","high","true","ЭКСПЛУАТАЦИОННОЕ","","","",""
"OV-15","OV","На установке: P_уст (кВт), U, число фаз — для ЭОМ","Mandatory required parameters","ЭКСПЛУАТАЦИОННОЕ","full_rd|specification_only","missing_mandatory_parameter","","mandatory","full_rd; specification_only","РД","","","","high","true","ЭКСПЛУАТАЦИОННОЕ","","","",""
"OV-16","OV","КПД и класс энергоэффективности","Mandatory required parameters","РЕКОМЕНДАТЕЛЬНОЕ","full_rd|specification_only","missing_mandatory_parameter","","recommended","full_rd; specification_only","РД","","","","medium","true","РЕКОМЕНДАТЕЛЬНОЕ","","","",""
"OV-17","OV","Передача в ЭОМ перечня электроприёмников ОВ","Mandatory coordination","ПРОВЕРИТЬ_ПО_СМЕЖНЫМ","full_rd","missing_mandatory_section","","recommended","full_rd","РД","Coordination — задание смежнику","","","low","false","РЕКОМЕНДАТЕЛЬНОЕ","","","",""
"OV-18","OV","Координация с АПС — управление при пожаре","Mandatory coordination","ПРОВЕРИТЬ_ПО_СМЕЖНЫМ","full_rd","missing_mandatory_section","СП 7.13130.2013","conditionally_mandatory","full_rd","ПД; РД","Только если есть АПС в проекте","","","medium","false","ПРОВЕРИТЬ_ПО_СМЕЖНЫМ","","","",""
"OV-19","OV","Координация с АР/КЖ по проходкам","Mandatory coordination","ПРОВЕРИТЬ_ПО_СМЕЖНЫМ","full_rd","missing_mandatory_section","","recommended","full_rd","РД","","","","low","false","РЕКОМЕНДАТЕЛЬНОЕ","","","",""
"OV-20","OV","Координация с газоснабжением (для кухонь с газом)","Mandatory coordination","ПРОВЕРИТЬ_ПО_СМЕЖНЫМ","full_rd","missing_mandatory_section","","conditionally_mandatory","full_rd","РД","Только при наличии газа","","","low","false","РЕКОМЕНДАТЕЛЬНОЕ","","","",""
"OV-21","OV","Программа ПНР вентсистем и испытаний ПДВ","Mandatory testing / commissioning","РЕКОМЕНДАТЕЛЬНОЕ","full_rd","missing_mandatory_section","СП 7.13130.2013","recommended","full_rd","РД","Часто отдельный документ","","","medium","false","РЕКОМЕНДАТЕЛЬНОЕ","","","",""
"OV-22","OV","Тепловая изоляция труб/воздуховодов","Recommended items","РЕКОМЕНДАТЕЛЬНОЕ","full_rd","missing_calculation_basis","СП 60.13330.2020, СП 61.13330.2012","recommended","full_rd","ПД; РД","","","","medium","true","РЕКОМЕНДАТЕЛЬНОЕ","","","",""
"OV-23","OV","Огнестойкость воздуховодов EI 30/60/90/150","Conditional items","ЭКСПЛУАТАЦИОННОЕ","full_rd","missing_mandatory_section","СП 7.13130.2013","conditionally_mandatory","full_rd","РД","Зависит от схемы вентиляции и типа здания","","","high","true","ЭКСПЛУАТАЦИОННОЕ","","","",""
"OV-24","OV","Схема узла АХЗ/ИТП и теплоноситель","Conditional items","ЭКСПЛУАТАЦИОННОЕ","full_rd","missing_mandatory_section","","conditionally_mandatory","full_rd","РД","Только при наличии АХЗ/ИТП","","","medium","true","ЭКСПЛУАТАЦИОННОЕ","","","",""
"OV-25","OV","Вентиляция канализационных стояков — жилой МКД","Conditional items","ЭКСПЛУАТАЦИОННОЕ","full_rd","missing_diagram","","conditionally_mandatory","full_rd","РД","Только в жилом МКД","","","low","true","РЕКОМЕНДАТЕЛЬНОЕ","вентиляция стояков обычно решается в разделе ВК; во избежание дублирования флагать в ВК","","",""
"SS-01","SS","Общие данные раздела СС с перечнем подсистем","Mandatory required sections / artifacts","ПРОВЕРИТЬ_ПО_СМЕЖНЫМ","full_rd","missing_mandatory_section","ГОСТ 21.602-2016","conditionally_mandatory","full_rd","ПД; РД","Перечень — атрибут уровня раздела ПД (5.4)","","","high","true","ПРОВЕРИТЬ_ПО_СМЕЖНЫМ","","","",""
"SS-02","SS","АПС — автоматическая пожарная сигнализация","Mandatory required sections / artifacts","ПРОВЕРИТЬ_ПО_СМЕЖНЫМ","full_rd","missing_mandatory_section","СП 484.1311500.2020, СП 486.1311500.2020","conditionally_mandatory","full_rd","ПД; РД","АПС обязательна по СП 486.1311500.2020 для определённых классов объектов. Для МКД — по высоте/числу квартир.","СП 486.1311500.2020 (перечень обязательных)","","high","true","КРИТИЧЕСКОЕ","объект не попадает в перечень СП 486","","",""
"SS-03","SS","СОУЭ с указанием типа","Mandatory required sections / artifacts","ПРОВЕРИТЬ_ПО_СМЕЖНЫМ","full_rd","missing_mandatory_section","СП 3.13130.2009","conditionally_mandatory","full_rd","ПД; РД","Тип СОУЭ зависит от типа здания (СП 3.13130.2009 табл.)","","","high","true","ЭКСПЛУАТАЦИОННОЕ","","","",""
"SS-04","SS","Заземление слаботочного оборудования","Mandatory required sections / artifacts","ПРОВЕРИТЬ_ПО_СМЕЖНЫМ","full_rd","missing_mandatory_section","ПУЭ-7 гл. 1.7","mandatory","full_rd","РД","","","","high","true","ЭКСПЛУАТАЦИОННОЕ","","","","ПУЭ-7 — добровольное; параллель: ГОСТ Р 50571.5.54, СП 437.1325800.2018"
"SS-05","SS","Расчёт батарей резервного питания (АКБ/ИБП)","Mandatory required calculations","ЭКСПЛУАТАЦИОННОЕ","full_rd","missing_calculation_basis","СП 134.13330.2012, СП 484.1311500.2020","conditionally_mandatory","full_rd","ПД","Только при наличии активных систем, требующих резерва","","","medium","true","ЭКСПЛУАТАЦИОННОЕ","","","",""
"SS-06","SS","Расчёт извещателей АПС","Mandatory required calculations","ЭКСПЛУАТАЦИОННОЕ","full_rd","missing_calculation_basis","СП 484.1311500.2020","conditionally_mandatory","full_rd","ПД","Только если АПС обязательна для этого объекта","","","high","true","ЭКСПЛУАТАЦИОННОЕ","","","",""
"SS-07","SS","Акустический расчёт СОУЭ","Mandatory required calculations","ЭКСПЛУАТАЦИОННОЕ","full_rd","missing_calculation_basis","СП 3.13130.2009","conditionally_mandatory","full_rd","ПД","Только если СОУЭ — речевая (3-5 тип)","","","high","true","ЭКСПЛУАТАЦИОННОЕ","","","",""
"SS-08","SS","Спецификация оборудования СС","Mandatory required specifications","ЭКСПЛУАТАЦИОННОЕ","full_rd|specification_only","missing_mandatory_schedule","ГОСТ 21.110-2013","mandatory","full_rd; specification_only","РД","","","","high","true","ЭКСПЛУАТАЦИОННОЕ","","","",""
"SS-09","SS","Кабельный журнал слаботочных кабелей","Mandatory required specifications","ЭКСПЛУАТАЦИОННОЕ","full_rd|specification_only","missing_mandatory_schedule","ГОСТ 21.602-2016","mandatory","full_rd; specification_only","РД","","","","high","true","ЭКСПЛУАТАЦИОННОЕ","","","",""
"SS-10","SS","Адресация устройств АПС/СКУД/СОУЭ","Mandatory required specifications","РЕКОМЕНДАТЕЛЬНОЕ","full_rd","missing_mandatory_schedule","ГОСТ 21.602-2016","recommended","full_rd","РД","","","","medium","true","РЕКОМЕНДАТЕЛЬНОЕ","","","",""
"SS-11","SS","Структурная схема каждой подсистемы","Mandatory required diagrams","ЭКСПЛУАТАЦИОННОЕ","full_rd","missing_diagram","ГОСТ 21.602-2016","mandatory","full_rd","РД","","","","high","true","ЭКСПЛУАТАЦИОННОЕ","","","",""
"SS-12","SS","Схемы расположения оборудования на планах","Mandatory required diagrams","ЭКСПЛУАТАЦИОННОЕ","full_rd","missing_diagram","ГОСТ 21.602-2016","mandatory","full_rd","РД","","","","high","true","ЭКСПЛУАТАЦИОННОЕ","","","",""
"SS-13","SS","Узлы прохода кабелей с противопожарными уплотнениями","Mandatory required diagrams","ЭКСПЛУАТАЦИОННОЕ","full_rd","missing_diagram","СП 6.13130.2021","conditionally_mandatory","full_rd","РД","Только при прохождении кабелей через противопожарные преграды","","","high","true","ЭКСПЛУАТАЦИОННОЕ","","","",""
"SS-14","SS","На кабеле: тип/категория (Cat.5e/Cat.6/FRLS/FRHF)","Mandatory required parameters","ЭКСПЛУАТАЦИОННОЕ","full_rd|specification_only","missing_mandatory_parameter","СП 6.13130.2021","mandatory","full_rd; specification_only","РД","","","","high","true","ЭКСПЛУАТАЦИОННОЕ","","","",""
"SS-15","SS","На устройстве: тип, U, P","Mandatory required parameters","ЭКСПЛУАТАЦИОННОЕ","full_rd|specification_only","missing_mandatory_parameter","","mandatory","full_rd; specification_only","РД","","","","high","true","ЭКСПЛУАТАЦИОННОЕ","","","",""
"SS-16","SS","Передача в ЭОМ перечня электроприёмников СС","Mandatory coordination","ПРОВЕРИТЬ_ПО_СМЕЖНЫМ","full_rd","missing_mandatory_section","","recommended","full_rd","РД","Coordination — задание смежнику","","","low","false","РЕКОМЕНДАТЕЛЬНОЕ","","","",""
"SS-17","SS","Координация АПС с ОВ — ПДВ","Mandatory coordination","ПРОВЕРИТЬ_ПО_СМЕЖНЫМ","full_rd","missing_mandatory_section","СП 7.13130.2013; СП 484.1311500.2020","conditionally_mandatory","full_rd","ПД; РД","Только если есть АПС и ПДВ","","","medium","false","ПРОВЕРИТЬ_ПО_СМЕЖНЫМ","","","",""
"SS-18","SS","Координация АПС с лифтами ВТ","Mandatory coordination","ПРОВЕРИТЬ_ПО_СМЕЖНЫМ","full_rd","missing_mandatory_section","","conditionally_mandatory","full_rd","РД","Только при наличии лифтов","","","medium","false","РЕКОМЕНДАТЕЛЬНОЕ","","","",""
"SS-19","SS","Координация АПС с ВК — запуск противопожарной насосной","Mandatory coordination","ПРОВЕРИТЬ_ПО_СМЕЖНЫМ","full_rd","missing_mandatory_section","","conditionally_mandatory","full_rd","РД","Только при наличии ВПВ","","","medium","false","РЕКОМЕНДАТЕЛЬНОЕ","","","",""
"SS-20","SS","Программа ПСИ АПС/СОУЭ + сертификация","Mandatory testing","РЕКОМЕНДАТЕЛЬНОЕ","full_rd","missing_mandatory_section","СП 484.1311500.2020, ФЗ-123, ТР ТС 043/2017","recommended","full_rd","РД","Обычно отдельный документ","","","medium","false","РЕКОМЕНДАТЕЛЬНОЕ","","","",""
"SS-21","SS","Описание интерфейсов интеграции (SDK/OPC/БДД)","Recommended items","РЕКОМЕНДАТЕЛЬНОЕ","full_rd","missing_mandatory_section","","recommended","full_rd","РД","","","","low","true","РЕКОМЕНДАТЕЛЬНОЕ","","","",""
"SS-22","SS","Расчёт сегментов СКС с длиной линии","Recommended items","РЕКОМЕНДАТЕЛЬНОЕ","full_rd","missing_calculation_basis","ГОСТ Р 53246-2008","recommended","full_rd","ПД; РД","","","","medium","true","РЕКОМЕНДАТЕЛЬНОЕ","","","",""
"SS-23","SS","Домофония и СКУД входных групп (МКД)","Conditional items","ЭКСПЛУАТАЦИОННОЕ","full_rd","missing_mandatory_section","СП 134.13330.2012","conditionally_mandatory","full_rd","ПД; РД","Только МКД с контролируемым доступом","","","medium","true","ЭКСПЛУАТАЦИОННОЕ","","","",""
"SS-24","SS","СОУЭ 3-5 типа для массовых объектов","Conditional items","ЭКСПЛУАТАЦИОННОЕ","full_rd","missing_mandatory_section","СП 3.13130.2009","conditionally_mandatory","full_rd","ПД; РД","Только для объектов с массовым пребыванием","","","high","true","ЭКСПЛУАТАЦИОННОЕ","","","",""
"SS-25","SS","СОТС и газоанализаторы CO — подземные автостоянки","Conditional items","ЭКСПЛУАТАЦИОННОЕ","full_rd","missing_mandatory_section","СП 154.13130.2013","conditionally_mandatory","full_rd","ПД; РД","Только при наличии подземной автостоянки","","","high","true","ЭКСПЛУАТАЦИОННОЕ","","","",""
"VK-01","VK","Общие данные: источник, исходное давление, сток","Mandatory required sections / artifacts","ПРОВЕРИТЬ_ПО_СМЕЖНЫМ","full_rd","missing_mandatory_section","СП 30.13330.2020 п. 5","conditionally_mandatory","full_rd","ПД","Атрибут раздела 5.2 ПД","","","high","true","ПРОВЕРИТЬ_ПО_СМЕЖНЫМ","если стадия документа — РД-марка (а не ПД-том), пункт может быть атрибутом раздела ПД и в данной марке отсутствовать обоснованно; document_type=audit_comparison — out-of-scope для documentation-completeness, флагать только формальные атрибуты; document_type=specification_only — спецификация по определению без расчётов/схем/ПЗ; не флагать","","",""
"VK-02","VK","ХПВ В1","Mandatory required sections / artifacts","ПРОВЕРИТЬ_ПО_СМЕЖНЫМ","full_rd","missing_mandatory_section","СП 30.13330.2020","mandatory","full_rd","ПД; РД","","","","high","true","ПРОВЕРИТЬ_ПО_СМЕЖНЫМ","","","",""
"VK-03","VK","ГВС Т3/Т4 с циркуляцией","Mandatory required sections / artifacts","ПРОВЕРИТЬ_ПО_СМЕЖНЫМ","full_rd","missing_mandatory_section","СП 30.13330.2020","conditionally_mandatory","full_rd","ПД; РД","Только если в проекте есть ГВС (например, ИТП с подогревом). В объектах без ГВС — не применима.","","","high","true","ПРОВЕРИТЬ_ПО_СМЕЖНЫМ","","","",""
"VK-04","VK","Бытовая К1 и ливневая К2 канализация","Mandatory required sections / artifacts","ПРОВЕРИТЬ_ПО_СМЕЖНЫМ","full_rd","missing_mandatory_section","СП 30.13330.2020","mandatory","full_rd","ПД; РД","","","","high","true","ПРОВЕРИТЬ_ПО_СМЕЖНЫМ","","","",""
"VK-05","VK","Q_сут, Q_час, Q_сек","Mandatory required calculations","КРИТИЧЕСКОЕ","full_rd","missing_calculation_basis","СП 30.13330.2020","mandatory","full_rd","ПД","","","","high","true","КРИТИЧЕСКОЕ","document_type=audit_comparison — out-of-scope для documentation-completeness, флагать только формальные атрибуты; document_type=specification_only — спецификация по определению без расчётов/схем/ПЗ; не флагать; если стадия документа — РД-марка (а не ПД-том), пункт может быть атрибутом раздела ПД и в данной марке отсутствовать обоснованно","","",""
"VK-06","VK","Гидравлический расчёт сетей","Mandatory required calculations","ЭКСПЛУАТАЦИОННОЕ","full_rd","missing_calculation_basis","СП 30.13330.2020","mandatory","full_rd","ПД","","","","high","true","ЭКСПЛУАТАЦИОННОЕ","","","",""
"VK-07","VK","Расчёт стоков К1/К2 (диаметры, уклоны, наполн.)","Mandatory required calculations","ЭКСПЛУАТАЦИОННОЕ","full_rd","missing_calculation_basis","СП 30.13330.2020, СП 32.13330.2018","mandatory","full_rd","ПД","","","","high","true","ЭКСПЛУАТАЦИОННОЕ","","","",""
"VK-08","VK","Расчёт гидроудара","Mandatory required calculations","РЕКОМЕНДАТЕЛЬНОЕ","full_rd","missing_calculation_basis","СП 30.13330.2020","recommended","full_rd","ПД","","","","medium","true","РЕКОМЕНДАТЕЛЬНОЕ","","","",""
"VK-09","VK","Спецификация оборудования","Mandatory required specifications","ЭКСПЛУАТАЦИОННОЕ","full_rd|specification_only","missing_mandatory_schedule","ГОСТ 21.601-2011","mandatory","full_rd; specification_only","РД","","","","high","true","ЭКСПЛУАТАЦИОННОЕ","","","",""
"VK-10","VK","Спецификация сантехоборудования с расходами","Mandatory required specifications","ЭКСПЛУАТАЦИОННОЕ","full_rd|specification_only","missing_mandatory_schedule","ГОСТ 21.601-2011","mandatory","full_rd; specification_only","РД","","","","high","true","ЭКСПЛУАТАЦИОННОЕ","","","",""
"VK-11","VK","Аксонометрии В1/Т3/Т4/К1/К2 и планы","Mandatory required diagrams","ЭКСПЛУАТАЦИОННОЕ","full_rd","missing_diagram","ГОСТ 21.601-2011","mandatory","full_rd","РД","","","","high","true","ЭКСПЛУАТАЦИОННОЕ","","","",""
"VK-12","VK","Узлы прохода с гильзами и противопожарными муфтами","Mandatory required diagrams","ЭКСПЛУАТАЦИОННОЕ","full_rd","missing_diagram","СП 30.13330.2020","conditionally_mandatory","full_rd","РД","Только при наличии проходов через противопожарные преграды","","","high","true","ЭКСПЛУАТАЦИОННОЕ","","","",""
"VK-13","VK","На насосе: Q (м³/ч), H (м вод.ст.)","Mandatory required parameters","ЭКСПЛУАТАЦИОННОЕ","full_rd|specification_only","missing_mandatory_parameter","СП 30.13330.2020","conditionally_mandatory","full_rd; specification_only","РД","Только при наличии насосного оборудования","","","high","true","ЭКСПЛУАТАЦИОННОЕ","нет насосов в проекте","","",""
"VK-14","VK","На насосе: P_уст, U, число фаз — для ЭОМ","Mandatory required parameters","ЭКСПЛУАТАЦИОННОЕ","full_rd|specification_only","missing_mandatory_parameter","","conditionally_mandatory","full_rd; specification_only","РД","Только при наличии насосов","","","high","true","ЭКСПЛУАТАЦИОННОЕ","","","",""
"VK-15","VK","КПД, класс защиты IP насосов","Mandatory required parameters","РЕКОМЕНДАТЕЛЬНОЕ","full_rd|specification_only","missing_mandatory_parameter","","recommended","full_rd; specification_only","РД","","","","medium","true","РЕКОМЕНДАТЕЛЬНОЕ","","","",""
"VK-16","VK","Передача в ЭОМ перечня электроприёмников ВК","Mandatory coordination","ПРОВЕРИТЬ_ПО_СМЕЖНЫМ","full_rd","missing_mandatory_section","","recommended","full_rd","РД","Coordination — задание смежнику","","","low","false","РЕКОМЕНДАТЕЛЬНОЕ","","","",""
"VK-17","VK","Координация с АПС для пожарного водопровода","Mandatory coordination","ПРОВЕРИТЬ_ПО_СМЕЖНЫМ","full_rd","missing_mandatory_section","СП 10.13130.2020","conditionally_mandatory","full_rd","ПД; РД","Только при наличии ВПВ и АПС","","","high","false","ПРОВЕРИТЬ_ПО_СМЕЖНЫМ","","","",""
"VK-18","VK","Координация с ИТП для ГВС","Mandatory coordination","ПРОВЕРИТЬ_ПО_СМЕЖНЫМ","full_rd","missing_mandatory_section","","conditionally_mandatory","full_rd","ПД; РД","Только при наличии ИТП","","","medium","false","РЕКОМЕНДАТЕЛЬНОЕ","","","",""
"VK-19","VK","Отверстия/гильзы в АР и КЖ","Mandatory coordination","ПРОВЕРИТЬ_ПО_СМЕЖНЫМ","full_rd","missing_mandatory_section","","recommended","full_rd","РД","","","","low","false","РЕКОМЕНДАТЕЛЬНОЕ","","","",""
"VK-20","VK","Программа гидравлических испытаний, дезинфекция","Mandatory testing","РЕКОМЕНДАТЕЛЬНОЕ","full_rd","missing_mandatory_section","СП 30.13330.2020, СП 73.13330.2016, СанПиН 2.1.4.1074-01","recommended","full_rd","РД","Часто отдельный документ","","","medium","false","РЕКОМЕНДАТЕЛЬНОЕ","","","","СанПиН 2.1.4.1074-01 — нужна верификация актуальности; вероятно ссылается на СанПиН 2.1.3684-21 или СанПиН 1.2.3685-21"
"VK-21","VK","Тепловая изоляция труб ГВС/ХВС и узел учёта","Recommended items","РЕКОМЕНДАТЕЛЬНОЕ","full_rd","missing_calculation_basis","СП 61.13330.2012","recommended","full_rd","ПД; РД","","","","medium","true","РЕКОМЕНДАТЕЛЬНОЕ","","","",""
"VK-22","VK","Схема насосной — при наличии повысительной","Conditional items","ЭКСПЛУАТАЦИОННОЕ","full_rd","missing_mandatory_section","СП 30.13330.2020","conditionally_mandatory","full_rd","РД","Только при наличии насосной станции","","","high","true","ЭКСПЛУАТАЦИОННОЕ","","","",""
"VK-23","VK","Расчёт ёмкости бака ГВС — при наличии","Conditional items","ЭКСПЛУАТАЦИОННОЕ","full_rd","missing_mandatory_parameter","СП 30.13330.2020","conditionally_mandatory","full_rd","РД","Только при наличии бака-аккумулятора","","","high","true","ЭКСПЛУАТАЦИОННОЕ","","","",""
"VK-24","VK","Расчёт ВПВ (число струй, расход) — при наличии","Conditional items","ЭКСПЛУАТАЦИОННОЕ","full_rd","missing_mandatory_section","СП 10.13130.2020","conditionally_mandatory","full_rd","ПД; РД","Только при обязательности ВПВ (СП 10 определяет область)","","","high","true","ЭКСПЛУАТАЦИОННОЕ","","","",""
"VK-25","VK","Жироуловители — для общепита","Conditional items","ЭКСПЛУАТАЦИОННОЕ","full_rd","missing_diagram","СП 30.13330.2020","conditionally_mandatory","full_rd","РД","Только при наличии общепита","","","high","true","ЭКСПЛУАТАЦИОННОЕ","","","",""
